<?xml version="1.0" encoding="utf-8"?>
<Project name="CH View Distance">
    <Package name="Main">
        <Key ID="STR_chvd_title">
            <Original>View Distance Settings</Original>
            <Russian>Настройки Дальности Обзора</Russian>
            <German>Sichtweiten Einstellung</German>
            <French>Conf. de la distance de vue</French>
        </Key>
        <Key ID="STR_chvd_foot">
            <Original>ON FOOT</Original>
            <Russian>ПЕШКОМ</Russian>
            <German>ZU FUß</German>
			<French>A PIED</French>
        </Key>
        <Key ID="STR_chvd_car">
            <Original>IN CAR</Original>
            <Russian>В МАШИНЕ</Russian>
            <German>IM FAHRZEUG</German>
			<French>EN VOITURE</French>
        </Key>
        <Key ID="STR_chvd_air">
            <Original>IN AIR</Original>
            <Russian>В ВОЗДУХЕ</Russian>
            <German>IM FLUGZEUG</German>
			<French>DANS LES AIRS</French>
        </Key>
        <Key ID="STR_chvd_view">
            <Original>VIEW:</Original>
            <Russian>ОБЩЕЕ:</Russian>
            <German>SICHTWEITE:</German>
			<French>VUE:</French>
        </Key>
        <Key ID="STR_chvd_object">
            <Original>OBJECT:</Original>
            <Russian>ОБЪЕКТЫ:</Russian>
            <German>OBJEKT:</German>
			<French>OBJET:</French>
        </Key>
        <Key ID="STR_chvd_terrain">
            <Original>TERRAIN:</Original>
            <Russian>ЛАНДШАФТ:</Russian>
            <German>GELÄNDE:</German>
			<French>TERRAIN:</French>
        </Key>
        <Key ID="STR_chvd_sync">
            <Original>SYNC MODE:</Original>
            <Russian>СИНХРОН.:</Russian>
            <German>SYNC MODE:</German>
			<French>SYNC MODE:</French>
        </Key>
        <Key ID="STR_chvd_close">
            <Original>Close</Original>
            <Russian>Закрыть</Russian>
            <German>Schließen</German>
			<French>Fermer</French>
        </Key>        
        <Key ID="STR_chvd_disabled">
            <Original>Disabled</Original>
            <Russian>Отключена</Russian>
            <German>Disabled</German>
			<French>Désactivé</French>
        </Key>
		<Key ID="STR_chvd_dynamic">
            <Original>Dynamic</Original>
            <Russian>Динамическая</Russian>
            <German>Dynamic</German>
			<French>Dynamique</French>
        </Key>
		<Key ID="STR_chvd_fov">
            <Original>FOV</Original>
            <Russian>FOV</Russian>
            <German>FOV</German>
			<French>FOV</French>
        </Key>
        <Key ID="STR_chvd_low">
            <Original>Low</Original>
            <Russian>Низкое</Russian>
            <German>Niedrig</German>
			<French>Bas</French>
        </Key>
        <Key ID="STR_chvd_standard">
            <Original>Standard</Original>
            <Russian>Стандартное</Russian>
            <German>Standart</German>
			<French>Standart</French>
        </Key>
        <Key ID="STR_chvd_high">
            <Original>High</Original>
            <Russian>Высокое</Russian>
            <German>Hoch</German>
			<French>Elevé</French>
        </Key>
        <Key ID="STR_chvd_veryHigh">
            <Original>Very High</Original>
            <Russian>Очень высокое</Russian>
            <German>Sehr Hoch</German>
			<French>Très élevé</French>
        </Key>
        <Key ID="STR_chvd_openSettings">
            <Original>Open view distance settings</Original>
            <Russian>Открыть настройки дальности обзора</Russian>
            <German>Open view distance settings</German>
			<French>Ouvrir la configuration de la distance de vue</French>
        </Key>
        <Key ID="STR_chvd_decreaseVD">
            <Original>Decrease view distance</Original>
            <Russian>Уменьшить дальность обзора</Russian>
            <German>Decrease view distance</German>
			<French>Diminuer la distance de vue</French>
        </Key>
        <Key ID="STR_chvd_increaseVD">
            <Original>Increase view distance</Original>
            <Russian>Увеличить дальность обзора</Russian>
            <German>Increase view distance</German>
			<French>Augmenter la distance de vue</French>
        </Key>
        <Key ID="STR_chvd_viewDistance">
            <Original>View Distance</Original>
            <Russian>Дальность Обзора</Russian>
            <German>View Distance</German>
			<French>Distance de vue</French>
        </Key>
        <Key ID="STR_chvd_objViewDistance">
            <Original>Object View Distance</Original>
            <Russian>Дальность Обзора Объектов</Russian>
            <German>Object View Distance</German>
			<French>Distance de vue des objets</French>
        </Key>
    </package>
</Project>